<?xml version="1.0" encoding="UTF-8"?>
<project-private xmlns="http://www.netbeans.org/ns/project-private/1">
    <editor-bookmarks xmlns="http://www.netbeans.org/ns/editor-bookmarks/2" lastBookmarkId="0"/>
    <open-files xmlns="http://www.netbeans.org/ns/projectui-open-files/2">
        <group>
            <file>file:/Users/mario/GitHub/Advanced%20Programming/CAL3/src/locks/InterfaLocks.java</file>
            <file>file:/Users/mario/GitHub/Advanced%20Programming/CAL3/src/locks/WriterLocks.java</file>
            <file>file:/Users/mario/GitHub/Advanced%20Programming/CAL3/src/locks/ReaderLocks.java</file>
            <file>file:/Users/mario/GitHub/Advanced%20Programming/CAL3/src/locks/BookLocks.java</file>
        </group>
    </open-files>
</project-private>
